id,username,text,likes,retweets,replies,total_interactions,post_date_iso,date,year,month,day,hour,text_clean,text_no_links,mentions,hashtags,urls,n_mentions,n_hashtags,n_urls,char_count,word_count,amplification_ratio,reach_tier,cluster,cluster_prob
32.0,sabinakociol,"W końcu papież z USA, a po coś Nawrocki do tego Trumpa dzwonił ;)",0,0,0,0,10-06-25,2025-06-10,2025.0,6.0,10.0,0.0,"W końcu papież z USA, a po coś Nawrocki do tego Trumpa dzwonił ;)","W końcu papież z USA, a po coś Nawrocki do tego Trumpa dzwonił ;)",,,,0,0,0,65,14,0.0,niski,17,1.0
888.0,defqon1993,Pilne! Karol Nawrocki strzelał do papieża Polaka!,0,0,0,0,10-06-25,2025-06-10,2025.0,6.0,10.0,0.0,Pilne! Karol Nawrocki strzelał do papieża Polaka!,Pilne! Karol Nawrocki strzelał do papieża Polaka!,,,,0,0,0,49,7,0.0,niski,17,1.0
477.0,hubnerrmax,"Prezydent elekt Karol Nawrocki w Sulejowie. Doskonale pamiętam, kiedy byłem szeregowym pracownikiem IPN i spadł na mnie wielki zaszczyt przygotowania pogrzebu Danuty Siedzikówny ""Inki"" i Feliksa Selmanowicza ""Zagończyka"". Przed nami największa prezydentura III RP i IV RP.",0,65,5,70,22-06-25,2025-06-22,2025.0,6.0,22.0,0.0,"Prezydent elekt Karol Nawrocki w Sulejowie. Doskonale pamiętam, kiedy byłem szeregowym pracownikiem IPN i spadł na mnie wielki zaszczyt przygotowania pogrzebu Danuty Siedzikówny ""Inki"" i Feliksa Selmanowicza ""Zagończyka"". Przed nami największa prezydentura III RP i IV RP.","Prezydent elekt Karol Nawrocki w Sulejowie. Doskonale pamiętam, kiedy byłem szeregowym pracownikiem IPN i spadł na mnie wielki zaszczyt przygotowania pogrzebu Danuty Siedzikówny ""Inki"" i Feliksa Selmanowicza ""Zagończyka"". Przed nami największa prezydentura III RP i IV RP.",,,,0,0,0,272,37,13.0,wysoki,17,1.0
6.0,wspolnotapamiec,"Społeczny Komitet Budowy Pomnika ""Rzeź Wołyńska"" w Domostawie ogłosił radosne informacje, że honorowy patronat nad uroczystością objął prezydent elekt Karol Nawrocki. Z kolei Mszę Świętą będzie celebrował Edward Frankowski (biskup pomocniczy sandomierski), a w koncelebrze będzie m.in. kapelan Kresowian ks. Antoni Moskal. Do zobaczenia 12 lipca w Domostawie przy Narodowym Pomniku ""Rzeź Wołyńska""! 🇵🇱💪✌️",0,0,0,0,02-07-25,2025-07-02,2025.0,7.0,2.0,0.0,"Społeczny Komitet Budowy Pomnika ""Rzeź Wołyńska"" w Domostawie ogłosił radosne informacje, że honorowy patronat nad uroczystością objął prezydent elekt Karol Nawrocki. Z kolei Mszę Świętą będzie celebrował Edward Frankowski (biskup pomocniczy sandomierski), a w koncelebrze będzie m.in. kapelan Kresowian ks. Antoni Moskal. Do zobaczenia 12 lipca w Domostawie przy Narodowym Pomniku ""Rzeź Wołyńska""! 🇵🇱💪✌️","Społeczny Komitet Budowy Pomnika ""Rzeź Wołyńska"" w Domostawie ogłosił radosne informacje, że honorowy patronat nad uroczystością objął prezydent elekt Karol Nawrocki. Z kolei Mszę Świętą będzie celebrował Edward Frankowski (biskup pomocniczy sandomierski), a w koncelebrze będzie m.in. kapelan Kresowian ks. Antoni Moskal. Do zobaczenia 12 lipca w Domostawie przy Narodowym Pomniku ""Rzeź Wołyńska""! 🇵🇱💪✌️",,,,0,0,0,404,54,0.0,niski,17,1.0
477.0,fremdenlegionpl,Karol Nawrocki objął honorowym patronatem obchody 82. rocznicy Krwawej Niedzieli na Wołyniu. Uroczystości odbędą się 12 lipca 2025 roku w Domostawie. Wielkie ukłony Panie Prezydencie 🇵🇱@NawrockiKn,0,122,6,128,02-07-25,2025-07-02,2025.0,7.0,2.0,0.0,Karol Nawrocki objął honorowym patronatem obchody 82. rocznicy Krwawej Niedzieli na Wołyniu. Uroczystości odbędą się 12 lipca 2025 roku w Domostawie. Wielkie ukłony Panie Prezydencie 🇵🇱,Karol Nawrocki objął honorowym patronatem obchody 82. rocznicy Krwawej Niedzieli na Wołyniu. Uroczystości odbędą się 12 lipca 2025 roku w Domostawie. Wielkie ukłony Panie Prezydencie 🇵🇱,@NawrockiKn,,,1,0,0,185,26,20.33,wysoki,17,1.0
247.0,jacek_czerwinsk,"Tak często cały mainstream o to pyta, że ukazuje to siłę waszych obaw. PAD był za miękki. Taka prawda, sami widzicie, że Karol Nawrocki przygotowuje się do wejścia jak Zawiszę do papieża w Konstancji - z drzwiami. Poskutkowało.",0,0,0,0,07-07-25,2025-07-07,2025.0,7.0,7.0,0.0,"Tak często cały mainstream o to pyta, że ukazuje to siłę waszych obaw. PAD był za miękki. Taka prawda, sami widzicie, że Karol Nawrocki przygotowuje się do wejścia jak Zawiszę do papieża w Konstancji - z drzwiami. Poskutkowało.","Tak często cały mainstream o to pyta, że ukazuje to siłę waszych obaw. PAD był za miękki. Taka prawda, sami widzicie, że Karol Nawrocki przygotowuje się do wejścia jak Zawiszę do papieża w Konstancji - z drzwiami. Poskutkowało.",,,,0,0,0,227,38,0.0,niski,17,1.0
4.0,radiomaryja,W przeddzień uroczystości zaprzysiężenia nowego prezydenta Karol Nawrocki odwiedzi Jasną Górę radiomaryja.pl/informacje/w-…,1,95,12,108,05-08-25,2025-08-05,2025.0,8.0,5.0,0.0,W przeddzień uroczystości zaprzysiężenia nowego prezydenta Karol Nawrocki odwiedzi Jasną Górę,W przeddzień uroczystości zaprzysiężenia nowego prezydenta Karol Nawrocki odwiedzi Jasną Górę,,,radiomaryja.pl/informacje/w-…,0,0,1,93,11,7.92,wysoki,17,1.0
6.0,karolpopieramy,A co robi Karol Nawrocki w przeddzień zaprzysiężenia na Prezydenta RP? Wraz z rodziną modli się na Jasnej Górze 🫶🏻🇵🇱❤️,0,0,0,0,05-08-25,2025-08-05,2025.0,8.0,5.0,0.0,A co robi Karol Nawrocki w przeddzień zaprzysiężenia na Prezydenta RP? Wraz z rodziną modli się na Jasnej Górze 🫶🏻🇵🇱❤️,A co robi Karol Nawrocki w przeddzień zaprzysiężenia na Prezydenta RP? Wraz z rodziną modli się na Jasnej Górze 🫶🏻🇵🇱❤️,,,,0,0,0,118,20,0.0,niski,17,1.0
12.0,piotrsemka,"Na dzień przed zaprzysiężeniem na urząd Prezydenta Rzeczypospolitej Polskiej Karol Nawrocki odwiedził Jasną Górę. We wtorkowy wieczór, 5 sierpnia, wziął udział w Apelu Jasnogórskim. Szacunek. dziennikzachodni.pl/karol-na…",0,0,0,0,05-08-25,2025-08-05,2025.0,8.0,5.0,0.0,"Na dzień przed zaprzysiężeniem na urząd Prezydenta Rzeczypospolitej Polskiej Karol Nawrocki odwiedził Jasną Górę. We wtorkowy wieczór, 5 sierpnia, wziął udział w Apelu Jasnogórskim. Szacunek.","Na dzień przed zaprzysiężeniem na urząd Prezydenta Rzeczypospolitej Polskiej Karol Nawrocki odwiedził Jasną Górę. We wtorkowy wieczór, 5 sierpnia, wziął udział w Apelu Jasnogórskim. Szacunek.",,,dziennikzachodni.pl/karol-na…,0,0,1,191,25,0.0,niski,17,1.0
16.0,wolnosctv,✅ Karol Nawrocki w przeddzień zaprzysiężenia na Prezydenta RP pojawił się z rodziną na Apelu Jasnogórskim w Częstochowie 👏 @NawrockiKn,1,5,2,8,05-08-25,2025-08-05,2025.0,8.0,5.0,0.0,✅ Karol Nawrocki w przeddzień zaprzysiężenia na Prezydenta RP pojawił się z rodziną na Apelu Jasnogórskim w Częstochowie 👏,✅ Karol Nawrocki w przeddzień zaprzysiężenia na Prezydenta RP pojawił się z rodziną na Apelu Jasnogórskim w Częstochowie 👏,@NawrockiKn,,,1,0,0,122,19,2.5,średni,17,0.9492863480914466
19.0,chrzanikx,Karol Nawrocki pojawił się z rodziną na Apelu Jasnogórskim w Częstochowie w przeddzień zaprzysiężenia na urząd prezydenta.,0,1,2,3,05-08-25,2025-08-05,2025.0,8.0,5.0,0.0,Karol Nawrocki pojawił się z rodziną na Apelu Jasnogórskim w Częstochowie w przeddzień zaprzysiężenia na urząd prezydenta.,Karol Nawrocki pojawił się z rodziną na Apelu Jasnogórskim w Częstochowie w przeddzień zaprzysiężenia na urząd prezydenta.,,,,0,0,0,122,17,0.5,średni,17,1.0
58.0,hubnerrmax,Na dzień przed zaprzysiężeniem na Prezydenta RP Karol Nawrocki pojawił się wraz z rodziną na Apelu Jasnogórskim w Częstochowie.,0,0,0,0,05-08-25,2025-08-05,2025.0,8.0,5.0,0.0,Na dzień przed zaprzysiężeniem na Prezydenta RP Karol Nawrocki pojawił się wraz z rodziną na Apelu Jasnogórskim w Częstochowie.,Na dzień przed zaprzysiężeniem na Prezydenta RP Karol Nawrocki pojawił się wraz z rodziną na Apelu Jasnogórskim w Częstochowie.,,,,0,0,0,127,19,0.0,niski,17,1.0
2.0,hubnerrmax,Prezydent Karol Nawrocki i Pierwsza Dama Marta Nawrocka wchodzący do Archikatedry Warszawskiej na Mszę Święta w intencji Ojczyzny.,0,2,4,6,06-08-25,2025-08-06,2025.0,8.0,6.0,0.0,Prezydent Karol Nawrocki i Pierwsza Dama Marta Nawrocka wchodzący do Archikatedry Warszawskiej na Mszę Święta w intencji Ojczyzny.,Prezydent Karol Nawrocki i Pierwsza Dama Marta Nawrocka wchodzący do Archikatedry Warszawskiej na Mszę Święta w intencji Ojczyzny.,,,,0,0,0,130,18,0.5,średni,17,1.0
8.0,radekfogiel,Po zaprzysiężeniu Prezydent RP Karol Nawrocki złożył kwiaty pod tablicą upamiętniającą śp. Prezydenta Lecha Kaczyńskiego.,0,43,4,47,06-08-25,2025-08-06,2025.0,8.0,6.0,0.0,Po zaprzysiężeniu Prezydent RP Karol Nawrocki złożył kwiaty pod tablicą upamiętniającą śp. Prezydenta Lecha Kaczyńskiego.,Po zaprzysiężeniu Prezydent RP Karol Nawrocki złożył kwiaty pod tablicą upamiętniającą śp. Prezydenta Lecha Kaczyńskiego.,,,,0,0,0,121,15,10.75,wysoki,17,1.0
178.0,jasnagoranews,Prezydent elekt Karol Nawrocki modlił się o dobrą prezydenturę na #JasnaGóra. W przededniu swojego zaprzysiężenia wspólnie ze swoją rodziną wziął udział w Apelu Jasnogórskim. Zawierzył #Maryja wszystkie sprawy Ojczyzny.,17,342,103,462,05-08-25,2025-08-05,2025.0,8.0,5.0,0.0,Prezydent elekt Karol Nawrocki modlił się o dobrą prezydenturę na JasnaGóra. W przededniu swojego zaprzysiężenia wspólnie ze swoją rodziną wziął udział w Apelu Jasnogórskim. Zawierzył Maryja wszystkie sprawy Ojczyzny.,Prezydent elekt Karol Nawrocki modlił się o dobrą prezydenturę na . W przededniu swojego zaprzysiężenia wspólnie ze swoją rodziną wziął udział w Apelu Jasnogórskim. Zawierzył wszystkie sprawy Ojczyzny.,,#JasnaGóra|#Maryja,,0,2,0,217,29,3.32,wysoki,17,1.0
183.0,soldatmoine_,"🇵🇱 À la veille de son investiture, le nouveau président polonais Karol Nawrocki a assisté ce soir, en famille, à la messe célébrée dans la basilique de Jasna Góra à Częstochowa, lieu de pèlerinage majeur en Pologne.",0,57,0,57,05-08-25,2025-08-05,2025.0,8.0,5.0,0.0,"🇵🇱 À la veille de son investiture, le nouveau président polonais Karol Nawrocki a assisté ce soir, en famille, à la messe célébrée dans la basilique de Jasna Góra à Częstochowa, lieu de pèlerinage majeur en Pologne.","🇵🇱 À la veille de son investiture, le nouveau président polonais Karol Nawrocki a assisté ce soir, en famille, à la messe célébrée dans la basilique de Jasna Góra à Częstochowa, lieu de pèlerinage majeur en Pologne.",,,,0,0,0,215,37,57.0,wysoki,17,1.0
218.0,sachinettiyil,Polish President Karol Nawrocki begins his presidency with a prayer before the icon of Our Lady of Częstochowa. Image: ©Marek Borawski/KPRP,2,74,3,79,07-08-25,2025-08-07,2025.0,8.0,7.0,0.0,Polish President Karol Nawrocki begins his presidency with a prayer before the icon of Our Lady of Częstochowa. Image: ©Marek Borawski/KPRP,Polish President Karol Nawrocki begins his presidency with a prayer before the icon of Our Lady of Częstochowa. Image: ©Marek Borawski/KPRP,,,,0,0,0,139,21,24.67,wysoki,17,1.0
259.0,anitakrystyna,Wczoraj Prezydent Karol Nawrocki będąc w Kaliszu modlił się w Sanktuarium Świętego Józefa.,8,307,102,417,08-08-25,2025-08-08,2025.0,8.0,8.0,0.0,Wczoraj Prezydent Karol Nawrocki będąc w Kaliszu modlił się w Sanktuarium Świętego Józefa.,Wczoraj Prezydent Karol Nawrocki będąc w Kaliszu modlił się w Sanktuarium Świętego Józefa.,,,,0,0,0,90,13,3.01,wysoki,17,1.0
5.0,sachinettiyil,One of the first acts of Karol Nawrocki after being sworn in as Poland’s new Catholic president was to visit the Jasna Góra shrine to seek the intercession of the Virgin Mary. Video: Karol Nawrocki,10,217,41,268,10-08-25,2025-08-10,2025.0,8.0,10.0,0.0,One of the first acts of Karol Nawrocki after being sworn in as Poland’s new Catholic president was to visit the Jasna Góra shrine to seek the intercession of the Virgin Mary. Video: Karol Nawrocki,One of the first acts of Karol Nawrocki after being sworn in as Poland’s new Catholic president was to visit the Jasna Góra shrine to seek the intercession of the Virgin Mary. Video: Karol Nawrocki,,,,0,0,0,197,35,5.29,wysoki,17,1.0
236.0,rosarymum,"After being sworn in as Polish President, Karol Nawrocki visited the Jasna Góra shrine to seek the Blessed Virgin Mary’s intercession. “In prayer, there is strength. Long live Poland 🇵🇱”",0,2,1,3,11-08-25,2025-08-11,2025.0,8.0,11.0,0.0,"After being sworn in as Polish President, Karol Nawrocki visited the Jasna Góra shrine to seek the Blessed Virgin Mary’s intercession. “In prayer, there is strength. Long live Poland 🇵🇱”","After being sworn in as Polish President, Karol Nawrocki visited the Jasna Góra shrine to seek the Blessed Virgin Mary’s intercession. “In prayer, there is strength. Long live Poland 🇵🇱”",,,,0,0,0,186,30,2.0,średni,17,1.0
4.0,catholicvote,"Shortly after taking the oath of office, Poland’s newly inaugurated President, Karol Nawrocki, made a pilgrimage to the Jasna Góra shrine, entrusting his leadership to the Blessed Virgin Mary. 🙏",2,94,16,112,11-08-25,2025-08-11,2025.0,8.0,11.0,0.0,"Shortly after taking the oath of office, Poland’s newly inaugurated President, Karol Nawrocki, made a pilgrimage to the Jasna Góra shrine, entrusting his leadership to the Blessed Virgin Mary. 🙏","Shortly after taking the oath of office, Poland’s newly inaugurated President, Karol Nawrocki, made a pilgrimage to the Jasna Góra shrine, entrusting his leadership to the Blessed Virgin Mary. 🙏",,,,0,0,0,194,30,5.88,wysoki,17,1.0
38.0,martynaszysz,#Świnoujście: Prezydent Karol Nawrocki na Cmentarzu Wojskowym na Powązkach podczas Apelu Pamięci przed Pomnikiem Poległych w 1920 r. - eswinoujscie.pl/prezydent-ka…,0,0,0,0,15-08-25,2025-08-15,2025.0,8.0,15.0,0.0,Świnoujście: Prezydent Karol Nawrocki na Cmentarzu Wojskowym na Powązkach podczas Apelu Pamięci przed Pomnikiem Poległych w 1920 r. -,: Prezydent Karol Nawrocki na Cmentarzu Wojskowym na Powązkach podczas Apelu Pamięci przed Pomnikiem Poległych w 1920 r. -,,#Świnoujście,eswinoujscie.pl/prezydent-ka…,0,1,1,133,19,0.0,niski,17,1.0
290.0,hubnerrmax,Prezydent Karol Nawrocki złożył wieniec przed Pomnikiem Ofiar Tragedii Smoleńskiej i oddał hołd ofiarom w Święto Wojska Polskiego.,1,52,1,54,15-08-25,2025-08-15,2025.0,8.0,15.0,0.0,Prezydent Karol Nawrocki złożył wieniec przed Pomnikiem Ofiar Tragedii Smoleńskiej i oddał hołd ofiarom w Święto Wojska Polskiego.,Prezydent Karol Nawrocki złożył wieniec przed Pomnikiem Ofiar Tragedii Smoleńskiej i oddał hołd ofiarom w Święto Wojska Polskiego.,,,,0,0,0,130,18,52.0,wysoki,17,1.0
22.0,bartekfilozof,Prezydent RP Karol Nawrocki oddał hołd Ofiarom Rzezi Wołyńskiej przed pomnikiem w Domostawie. Dziękuję Panu Prezydentowi za dbanie o prawdę historyczną polskiego narodu.,0,0,0,0,17-08-25,2025-08-17,2025.0,8.0,17.0,0.0,Prezydent RP Karol Nawrocki oddał hołd Ofiarom Rzezi Wołyńskiej przed pomnikiem w Domostawie. Dziękuję Panu Prezydentowi za dbanie o prawdę historyczną polskiego narodu.,Prezydent RP Karol Nawrocki oddał hołd Ofiarom Rzezi Wołyńskiej przed pomnikiem w Domostawie. Dziękuję Panu Prezydentowi za dbanie o prawdę historyczną polskiego narodu.,,,,0,0,0,169,23,0.0,niski,17,1.0
22.0,niezaleznapl,⚡ BREAKING NEWS! Prosto z USA do Watykanu. Szefernaker: Po rozmowach z Trumpem prezydent Nawrocki spotka się z papieżem. Więcej na niezalezna.pl niezalezna.pl/polska/prosto-…,1,7,0,8,21-08-25,2025-08-21,2025.0,8.0,21.0,0.0,⚡ BREAKING NEWS! Prosto z USA do Watykanu. Szefernaker: Po rozmowach z Trumpem prezydent Nawrocki spotka się z papieżem. Więcej na,⚡ BREAKING NEWS! Prosto z USA do Watykanu. Szefernaker: Po rozmowach z Trumpem prezydent Nawrocki spotka się z papieżem. Więcej na,,,niezalezna.pl|niezalezna.pl/polska/prosto-…,0,0,2,130,21,7.0,średni,17,1.0
31.0,republikatv,#PILNE: Prezydent Karol Nawrocki po wizycie w USA uda się do Watykanu na spotkanie z papieżem Leonem XIV #włączprawdę #TVRepublika tvrepublika.pl/Polska/Nawroc…,2,96,11,109,21-08-25,2025-08-21,2025.0,8.0,21.0,0.0,PILNE: Prezydent Karol Nawrocki po wizycie w USA uda się do Watykanu na spotkanie z papieżem Leonem XIV włączprawdę TVRepublika,: Prezydent Karol Nawrocki po wizycie w USA uda się do Watykanu na spotkanie z papieżem Leonem XIV,,#PILNE|#włączprawdę|#TVRepublika,tvrepublika.pl/Polska/Nawroc…,0,3,1,127,20,8.73,wysoki,17,1.0
60.0,polsatnewspl,"Prezydent Karol Nawrocki poleci z oficjalną wizytą do Watykanu i spotka się z papieżem Leonem XIV. Spotkanie zostało już potwierdzone, przekazano też dokładną datę. polsatnews.pl/wiadomosc/2025…",1,14,12,27,21-08-25,2025-08-21,2025.0,8.0,21.0,0.0,"Prezydent Karol Nawrocki poleci z oficjalną wizytą do Watykanu i spotka się z papieżem Leonem XIV. Spotkanie zostało już potwierdzone, przekazano też dokładną datę.","Prezydent Karol Nawrocki poleci z oficjalną wizytą do Watykanu i spotka się z papieżem Leonem XIV. Spotkanie zostało już potwierdzone, przekazano też dokładną datę.",,,polsatnews.pl/wiadomosc/2025…,0,0,1,164,24,1.17,średni,17,1.0
169.0,republikatv,Prezydent Nawrocki spotka się z premier Włoch! #wlaczprawde #TVRepublika tvrepublika.pl/Polska/Prezyd…,1,49,7,57,27-08-25,2025-08-27,2025.0,8.0,27.0,0.0,Prezydent Nawrocki spotka się z premier Włoch! wlaczprawde TVRepublika,Prezydent Nawrocki spotka się z premier Włoch!,,#wlaczprawde|#TVRepublika,tvrepublika.pl/Polska/Prezyd…,0,2,1,70,9,7.0,wysoki,17,1.0
14.0,jbrudzinski,"Prezydent RP Karol Nawrocki @NawrockiKn 🇵🇱 w sobotę w Szczecinie! 🟦 Zapraszamy jutro o godz. 12.00 przed bramę Stoczni Szczecińskiej. Prezydent RP weźmie udział w uroczystości podpisania Porozumień Sierpniowych. 🟦 W ubiegłym roku Karol Nawrocki uczestniczył w uroczystościach w Szczecinie jako prezes Instytutu Pamięci Narodowej @ipngovpl, w tym roku powitamy w #Szczecin Prezydenta RP 🇵🇱. 🟦 To już druga wizyta na Pomorzu Zachodnim odkąd Karol Nawrocki sprawuje urząd Prezydenta RP, ale pierwsza w Szczecinie! Do zobaczenia 👍. #PorozumieniaSierpniowe #Solidarność @DudaSolidarnosc",1,57,5,63,29-08-25,2025-08-29,2025.0,8.0,29.0,0.0,"Prezydent RP Karol Nawrocki 🇵🇱 w sobotę w Szczecinie! 🟦 Zapraszamy jutro o godz. 12.00 przed bramę Stoczni Szczecińskiej. Prezydent RP weźmie udział w uroczystości podpisania Porozumień Sierpniowych. 🟦 W ubiegłym roku Karol Nawrocki uczestniczył w uroczystościach w Szczecinie jako prezes Instytutu Pamięci Narodowej , w tym roku powitamy w Szczecin Prezydenta RP 🇵🇱. 🟦 To już druga wizyta na Pomorzu Zachodnim odkąd Karol Nawrocki sprawuje urząd Prezydenta RP, ale pierwsza w Szczecinie! Do zobaczenia 👍. PorozumieniaSierpniowe Solidarność","Prezydent RP Karol Nawrocki 🇵🇱 w sobotę w Szczecinie! 🟦 Zapraszamy jutro o godz. 12.00 przed bramę Stoczni Szczecińskiej. Prezydent RP weźmie udział w uroczystości podpisania Porozumień Sierpniowych. 🟦 W ubiegłym roku Karol Nawrocki uczestniczył w uroczystościach w Szczecinie jako prezes Instytutu Pamięci Narodowej , w tym roku powitamy w Prezydenta RP 🇵🇱. 🟦 To już druga wizyta na Pomorzu Zachodnim odkąd Karol Nawrocki sprawuje urząd Prezydenta RP, ale pierwsza w Szczecinie! Do zobaczenia 👍.",@NawrockiKn|@ipngovpl|@DudaSolidarnosc,#Szczecin|#PorozumieniaSierpniowe|#Solidarność,,3,3,0,540,78,11.4,wysoki,17,1.0
31.0,dariuszmatecki,"Dzień dobry! Widzimy się dzisiaj w Gorzowie na marszu przeciw migracji! Ruszamy o 16 z Placu Grunwaldzkiego. A jutro w Szczecinie, na uroczystościach 45. rocznicy podpisania Porozumień Szczecińskich i powstania Solidarności, obecny będzie Pan Prezydent Karol Nawrocki. 10:00 Msza Święta w kościele św. Stanisława Kostki, a następnie o godz. 12:00 uroczystości przy Bramie Stoczni Szczecińskiej.",0,104,5,109,29-08-25,2025-08-29,2025.0,8.0,29.0,0.0,"Dzień dobry! Widzimy się dzisiaj w Gorzowie na marszu przeciw migracji! Ruszamy o 16 z Placu Grunwaldzkiego. A jutro w Szczecinie, na uroczystościach 45. rocznicy podpisania Porozumień Szczecińskich i powstania Solidarności, obecny będzie Pan Prezydent Karol Nawrocki. 10:00 Msza Święta w kościele św. Stanisława Kostki, a następnie o godz. 12:00 uroczystości przy Bramie Stoczni Szczecińskiej.","Dzień dobry! Widzimy się dzisiaj w Gorzowie na marszu przeciw migracji! Ruszamy o 16 z Placu Grunwaldzkiego. A jutro w Szczecinie, na uroczystościach 45. rocznicy podpisania Porozumień Szczecińskich i powstania Solidarności, obecny będzie Pan Prezydent Karol Nawrocki. 10:00 Msza Święta w kościele św. Stanisława Kostki, a następnie o godz. 12:00 uroczystości przy Bramie Stoczni Szczecińskiej.",,,,0,0,0,394,55,20.8,wysoki,17,1.0
6.0,karolpopieramy,Prezydent RP Karol Nawrocki witany oklaskami w Szczecinie na chwilę przed rozpoczęciem uroczystości 👏🇵🇱🤍❤️,0,22,3,25,30-08-25,2025-08-30,2025.0,8.0,30.0,0.0,Prezydent RP Karol Nawrocki witany oklaskami w Szczecinie na chwilę przed rozpoczęciem uroczystości 👏🇵🇱🤍❤️,Prezydent RP Karol Nawrocki witany oklaskami w Szczecinie na chwilę przed rozpoczęciem uroczystości 👏🇵🇱🤍❤️,,,,0,0,0,106,14,7.33,średni,17,1.0
19.0,jbrudzinski,"Prezydent RP Karol Nawrocki @NawrockiKn 🇵🇱 dziś w Szczecinie, przed bramą Stoczni Szczecińskiej bierze udział w uroczystościach podpisania Porozumień Sierpniowych. To już druga wizyta na Pomorzu Zachodnim w ciągu ostatnich 3 tygodni, odkąd Karol Nawrocki sprawuje urząd Prezydenta RP, ale pierwsza w Szczecinie! #PorozumieniaSierpniowe #Szczecin",1,42,8,51,30-08-25,2025-08-30,2025.0,8.0,30.0,0.0,"Prezydent RP Karol Nawrocki 🇵🇱 dziś w Szczecinie, przed bramą Stoczni Szczecińskiej bierze udział w uroczystościach podpisania Porozumień Sierpniowych. To już druga wizyta na Pomorzu Zachodnim w ciągu ostatnich 3 tygodni, odkąd Karol Nawrocki sprawuje urząd Prezydenta RP, ale pierwsza w Szczecinie! PorozumieniaSierpniowe Szczecin","Prezydent RP Karol Nawrocki 🇵🇱 dziś w Szczecinie, przed bramą Stoczni Szczecińskiej bierze udział w uroczystościach podpisania Porozumień Sierpniowych. To już druga wizyta na Pomorzu Zachodnim w ciągu ostatnich 3 tygodni, odkąd Karol Nawrocki sprawuje urząd Prezydenta RP, ale pierwsza w Szczecinie!",@NawrockiKn,#PorozumieniaSierpniowe|#Szczecin,,1,2,0,331,44,5.25,wysoki,17,1.0
32.0,jbrudzinski,"Prezydent RP Karol Nawrocki 🇵🇱 @NawrockiKn oddał hołd śp. Prezydentowi RP prof. Lechowi Kaczyńskiemu, składając wieniec przed Jego pomnikiem w Szczecinie. #Szczecin @BoguckiZbigniew @czeslawhoc @prezydentpl",0,14,6,20,30-08-25,2025-08-30,2025.0,8.0,30.0,0.0,"Prezydent RP Karol Nawrocki 🇵🇱 oddał hołd śp. Prezydentowi RP prof. Lechowi Kaczyńskiemu, składając wieniec przed Jego pomnikiem w Szczecinie. Szczecin","Prezydent RP Karol Nawrocki 🇵🇱 oddał hołd śp. Prezydentowi RP prof. Lechowi Kaczyńskiemu, składając wieniec przed Jego pomnikiem w Szczecinie.",@NawrockiKn|@BoguckiZbigniew|@czeslawhoc|@prezydentpl,#Szczecin,,4,1,0,151,21,2.33,średni,17,1.0
30.0,karolpopieramy,💥 Prezydent Karol Nawrocki jest już w drodze do Szczecina wraz z Szefem Kancelarii @BoguckiZbigniew ✅ Jest co świętować - 45 lat Solidarności✌️🇵🇱 #Solidarność,3,136,60,199,30-08-25,2025-08-30,2025.0,8.0,30.0,0.0,💥 Prezydent Karol Nawrocki jest już w drodze do Szczecina wraz z Szefem Kancelarii ✅ Jest co świętować - 45 lat Solidarności✌️🇵🇱 Solidarność,💥 Prezydent Karol Nawrocki jest już w drodze do Szczecina wraz z Szefem Kancelarii ✅ Jest co świętować - 45 lat Solidarności✌️🇵🇱,@BoguckiZbigniew,#Solidarność,,1,1,0,140,23,2.27,wysoki,17,1.0
152.0,kalinowski__,"Ładny obrazek. Prezydent Nawrocki złożył wieniec pod pomnikiem poległych w Wieluniu, a zaraz po tym jakiś chłopczyk podszedł do PKN z pytaniem czy złoży też z nim kwiatów. Oczywiście K. Nawrocki nie odmówił 😉",1,44,5,50,01-09-25,2025-09-01,2025.0,9.0,1.0,0.0,"Ładny obrazek. Prezydent Nawrocki złożył wieniec pod pomnikiem poległych w Wieluniu, a zaraz po tym jakiś chłopczyk podszedł do PKN z pytaniem czy złoży też z nim kwiatów. Oczywiście K. Nawrocki nie odmówił 😉","Ładny obrazek. Prezydent Nawrocki złożył wieniec pod pomnikiem poległych w Wieluniu, a zaraz po tym jakiś chłopczyk podszedł do PKN z pytaniem czy złoży też z nim kwiatów. Oczywiście K. Nawrocki nie odmówił 😉",,,,0,0,0,208,34,8.8,wysoki,17,1.0
128.0,wpolityce_pl,"Jest oficjalne potwierdzenie z Watykanu. Prezydent Karol Nawrocki spotka się z papieżem Leonem XIV. Wiemy, o której godzinie audiencja wpolityce.pl/kosciol/739374-…",1,60,6,67,02-09-25,2025-09-02,2025.0,9.0,2.0,0.0,"Jest oficjalne potwierdzenie z Watykanu. Prezydent Karol Nawrocki spotka się z papieżem Leonem XIV. Wiemy, o której godzinie audiencja","Jest oficjalne potwierdzenie z Watykanu. Prezydent Karol Nawrocki spotka się z papieżem Leonem XIV. Wiemy, o której godzinie audiencja",,,wpolityce.pl/kosciol/739374-…,0,0,1,134,19,10.0,wysoki,17,1.0
162.0,vaticannews_es,El #PapaLeonXIV se reunirá con el presidente israelí #Herzog y el presidente polaco #Nawrocki. Así lo ha anunciado la Oficina de Prensa de la Santa Sede.👇 vaticannews.va/es/papa/news/…,0,11,1,12,02-09-25,2025-09-02,2025.0,9.0,2.0,0.0,El PapaLeonXIV se reunirá con el presidente israelí Herzog y el presidente polaco Nawrocki. Así lo ha anunciado la Oficina de Prensa de la Santa Sede.👇 vaticannews.va/es/papa/news/…,El se reunirá con el presidente israelí y el presidente polaco . Así lo ha anunciado la Oficina de Prensa de la Santa Sede.👇 vaticannews.va/es/papa/news/…,,#PapaLeonXIV|#Herzog|#Nawrocki,,0,3,0,181,27,11.0,średni,17,1.0
24.0,sachinettiyil,Polish President Karol Nawrocki and family pray at the tomb of Pope John Paul II. Image: Karol Nawrocki,1,27,4,32,04-09-25,2025-09-04,2025.0,9.0,4.0,0.0,Polish President Karol Nawrocki and family pray at the tomb of Pope John Paul II. Image: Karol Nawrocki,Polish President Karol Nawrocki and family pray at the tomb of Pope John Paul II. Image: Karol Nawrocki,,,,0,0,0,103,18,6.75,średni,17,1.0
32.0,sachinettiyil,Polish President Karol Nawrocki began his visit to the Vatican with a prayer at the tomb of Pope John Paul II. Image: Karol Nawrocki,1,46,5,52,04-09-25,2025-09-04,2025.0,9.0,4.0,0.0,Polish President Karol Nawrocki began his visit to the Vatican with a prayer at the tomb of Pope John Paul II. Image: Karol Nawrocki,Polish President Karol Nawrocki began his visit to the Vatican with a prayer at the tomb of Pope John Paul II. Image: Karol Nawrocki,,,,0,0,0,132,24,9.2,wysoki,17,1.0
70.0,vaticannewspl,Prezydent Nawrocki z rodziną w Bazylice Watykańskiej,2,76,2,80,04-09-25,2025-09-04,2025.0,9.0,4.0,0.0,Prezydent Nawrocki z rodziną w Bazylice Watykańskiej,Prezydent Nawrocki z rodziną w Bazylice Watykańskiej,,,,0,0,0,52,7,38.0,wysoki,17,1.0
1.0,vaticannewspl,Karol Nawrocki: Papież z Chicago zna Polaków i rozumie Polskę ➡️ tiny.pl/sk66ybs6,1,35,2,38,05-09-25,2025-09-05,2025.0,9.0,5.0,0.0,Karol Nawrocki: Papież z Chicago zna Polaków i rozumie Polskę ➡️,Karol Nawrocki: Papież z Chicago zna Polaków i rozumie Polskę ➡️,,,tiny.pl/sk66ybs6,0,0,1,64,11,17.5,wysoki,17,1.0
3.0,murzynfrogxxx,"Duża rzecz. Prezydent Karol Nawrocki zaprosił Papieża Leona do Gietrzwałdu na 2027 rok z okazji rocznicy objawień Matki Boskiej. Wy wiecie czyj to jest po części sukces, prawda? 🇵🇱🇻🇦",12,253,263,528,05-09-25,2025-09-05,2025.0,9.0,5.0,0.0,"Duża rzecz. Prezydent Karol Nawrocki zaprosił Papieża Leona do Gietrzwałdu na 2027 rok z okazji rocznicy objawień Matki Boskiej. Wy wiecie czyj to jest po części sukces, prawda? 🇵🇱🇻🇦","Duża rzecz. Prezydent Karol Nawrocki zaprosił Papieża Leona do Gietrzwałdu na 2027 rok z okazji rocznicy objawień Matki Boskiej. Wy wiecie czyj to jest po części sukces, prawda? 🇵🇱🇻🇦",,,,0,0,0,182,29,0.96,wysoki,17,1.0
4.0,nawrocki25,Prezydent Karol Nawrocki wraz z rodziną został przyjęty przez Papieża Leona XIV. To wyraz szacunku Głowy Kościoła wobec Polski i naszego Prezydenta.,8,336,122,466,05-09-25,2025-09-05,2025.0,9.0,5.0,0.0,Prezydent Karol Nawrocki wraz z rodziną został przyjęty przez Papieża Leona XIV. To wyraz szacunku Głowy Kościoła wobec Polski i naszego Prezydenta.,Prezydent Karol Nawrocki wraz z rodziną został przyjęty przez Papieża Leona XIV. To wyraz szacunku Głowy Kościoła wobec Polski i naszego Prezydenta.,,,,0,0,0,148,22,2.75,wysoki,17,1.0
7.0,szefernaker,Po konferencji prasowej w Rzymie Prezydent Karol Nawrocki rozmawiał chwilę z zebranymi na pl. Św Piotra polskimi pielgrzymami.,4,319,24,347,05-09-25,2025-09-05,2025.0,9.0,5.0,0.0,Po konferencji prasowej w Rzymie Prezydent Karol Nawrocki rozmawiał chwilę z zebranymi na pl. Św Piotra polskimi pielgrzymami.,Po konferencji prasowej w Rzymie Prezydent Karol Nawrocki rozmawiał chwilę z zebranymi na pl. Św Piotra polskimi pielgrzymami.,,,,0,0,0,126,18,13.29,wysoki,17,1.0
36.0,robertderewenda,Prezydent RP Karol Nawrocki zaprosił papieża Leona XIV do Polski. ℹ️ Źródło fot. @prezydentpl,2,89,7,98,05-09-25,2025-09-05,2025.0,9.0,5.0,0.0,Prezydent RP Karol Nawrocki zaprosił papieża Leona XIV do Polski. ℹ️ Źródło fot.,Prezydent RP Karol Nawrocki zaprosił papieża Leona XIV do Polski. ℹ️ Źródło fot.,@prezydentpl,,,1,0,0,80,13,12.71,wysoki,17,1.0
39.0,wlodek_skalik,"Prezydent Karol Nawrocki zaprosił Papieża Leona XIV do Gietrzwałdu na 2027 rok – z okazji rocznicy objawień Matki Bożej. To efekt wieloletnich starań Grzegorza Brauna i Konfederacji Korony Polskiej, którzy jako pierwsi głośno upominali się o Gietrzwałd. To wielka rzecz. 👏🇵🇱",4,72,15,91,05-09-25,2025-09-05,2025.0,9.0,5.0,0.0,"Prezydent Karol Nawrocki zaprosił Papieża Leona XIV do Gietrzwałdu na 2027 rok – z okazji rocznicy objawień Matki Bożej. To efekt wieloletnich starań Grzegorza Brauna i Konfederacji Korony Polskiej, którzy jako pierwsi głośno upominali się o Gietrzwałd. To wielka rzecz. 👏🇵🇱","Prezydent Karol Nawrocki zaprosił Papieża Leona XIV do Gietrzwałdu na 2027 rok – z okazji rocznicy objawień Matki Bożej. To efekt wieloletnich starań Grzegorza Brauna i Konfederacji Korony Polskiej, którzy jako pierwsi głośno upominali się o Gietrzwałd. To wielka rzecz. 👏🇵🇱",,,,0,0,0,274,41,4.8,wysoki,17,1.0
78.0,chrzanikx,Karol Nawrocki i Papież Leon XIV,7,228,50,285,05-09-25,2025-09-05,2025.0,9.0,5.0,0.0,Karol Nawrocki i Papież Leon XIV,Karol Nawrocki i Papież Leon XIV,,,,0,0,0,32,6,4.56,wysoki,17,1.0
111.0,karolpopieramy,"🚨 Prezydent Karol Nawrocki zaprosił Papieża Leona XIV do GIETRZWAŁDU👏 ""Zaprosiłem papieża Leona XIV w roku 2027 z okazji rocznicy objawień Matki Boskiej w Gietrzwałdzie!"" DZIĘKUJEMY 🤍❤️👏",1,62,15,78,05-09-25,2025-09-05,2025.0,9.0,5.0,0.0,"🚨 Prezydent Karol Nawrocki zaprosił Papieża Leona XIV do GIETRZWAŁDU👏 ""Zaprosiłem papieża Leona XIV w roku 2027 z okazji rocznicy objawień Matki Boskiej w Gietrzwałdzie!"" DZIĘKUJEMY 🤍❤️👏","🚨 Prezydent Karol Nawrocki zaprosił Papieża Leona XIV do GIETRZWAŁDU👏 ""Zaprosiłem papieża Leona XIV w roku 2027 z okazji rocznicy objawień Matki Boskiej w Gietrzwałdzie!"" DZIĘKUJEMY 🤍❤️👏",,,,0,0,0,186,27,4.13,wysoki,17,1.0
115.0,hubnerrmax,"Prezydent Nawrocki nie zatrzymuje się ze swoją ofensywą dyplomatyczną. Zaraz po spotkaniu z Trumpem, Meloni i Papieżem Leonem XIV spotkał się z Prezydentem Włoch, Sergio Mattarellą.",0,86,6,92,05-09-25,2025-09-05,2025.0,9.0,5.0,0.0,"Prezydent Nawrocki nie zatrzymuje się ze swoją ofensywą dyplomatyczną. Zaraz po spotkaniu z Trumpem, Meloni i Papieżem Leonem XIV spotkał się z Prezydentem Włoch, Sergio Mattarellą.","Prezydent Nawrocki nie zatrzymuje się ze swoją ofensywą dyplomatyczną. Zaraz po spotkaniu z Trumpem, Meloni i Papieżem Leonem XIV spotkał się z Prezydentem Włoch, Sergio Mattarellą.",,,,0,0,0,181,26,14.33,wysoki,17,1.0
118.0,piotrsemka,"Ładne wnętrze - dziedziniec Palazzo Chigi -Odescalchi, siedziby premierów Włoch. Cuekawe czy Karol Nawrocki wiedział, że odwiedza miejsce pod wieloma względami związane z polską historią? W latach 1699-1701 w pałacu tym mieszkała 'Regina Polacca""- Maria Kazimiera, wdowa po królu Janie III Sobieskim. Właśnie w tym pałacu odwiedził ją Papież Klemens XI . Potem w XIX wieku w Palazzo Chigi mieszkała Zofia Branicka (1821-1886) , żona księcia Livio Odelaschi Trzeciego. Wreszcie w połowie XIX mieszkał w pałacu osobisty sekretarz Piusa IX, biskup Salaminy, Włodzimierz Czacki (1834-1888), rodem z Porycka na Wołyniu, dyplomata Stolicy apostolskiej i nuncjusz papieski Leona XIII w Paryżu w l. 1869-1882, członek rodziny, z której wywodzìć się będzie potem kardynał Adam Sapieha.",2,15,3,20,05-09-25,2025-09-05,2025.0,9.0,5.0,0.0,"Ładne wnętrze - dziedziniec Palazzo Chigi -Odescalchi, siedziby premierów Włoch. Cuekawe czy Karol Nawrocki wiedział, że odwiedza miejsce pod wieloma względami związane z polską historią? W latach 1699-1701 w pałacu tym mieszkała 'Regina Polacca""- Maria Kazimiera, wdowa po królu Janie III Sobieskim. Właśnie w tym pałacu odwiedził ją Papież Klemens XI . Potem w XIX wieku w Palazzo Chigi mieszkała Zofia Branicka (1821-1886) , żona księcia Livio Odelaschi Trzeciego. Wreszcie w połowie XIX mieszkał w pałacu osobisty sekretarz Piusa IX, biskup Salaminy, Włodzimierz Czacki (1834-1888), rodem z Porycka na Wołyniu, dyplomata Stolicy apostolskiej i nuncjusz papieski Leona XIII w Paryżu w l. 1869-1882, członek rodziny, z której wywodzìć się będzie potem kardynał Adam Sapieha.","Ładne wnętrze - dziedziniec Palazzo Chigi -Odescalchi, siedziby premierów Włoch. Cuekawe czy Karol Nawrocki wiedział, że odwiedza miejsce pod wieloma względami związane z polską historią? W latach 1699-1701 w pałacu tym mieszkała 'Regina Polacca""- Maria Kazimiera, wdowa po królu Janie III Sobieskim. Właśnie w tym pałacu odwiedził ją Papież Klemens XI . Potem w XIX wieku w Palazzo Chigi mieszkała Zofia Branicka (1821-1886) , żona księcia Livio Odelaschi Trzeciego. Wreszcie w połowie XIX mieszkał w pałacu osobisty sekretarz Piusa IX, biskup Salaminy, Włodzimierz Czacki (1834-1888), rodem z Porycka na Wołyniu, dyplomata Stolicy apostolskiej i nuncjusz papieski Leona XIII w Paryżu w l. 1869-1882, członek rodziny, z której wywodzìć się będzie potem kardynał Adam Sapieha.",,,,0,0,0,776,114,5.0,średni,17,1.0
146.0,wadailynews,"🇵🇱🇻🇦 | Polish President Karol Nawrocki, accompanied by his wife and two children, met Pope Leo XIV at the Vatican on Friday. During the audience, Nawrocki presented the Pope with an image of Our Lady of Gietrzwald and extended an invitation to visit Poland for the 150th anniversary of the Marian apparitions in 2027.",0,0,0,0,05-09-25,2025-09-05,2025.0,9.0,5.0,0.0,"🇵🇱🇻🇦 | Polish President Karol Nawrocki, accompanied by his wife and two children, met Pope Leo XIV at the Vatican on Friday. During the audience, Nawrocki presented the Pope with an image of Our Lady of Gietrzwald and extended an invitation to visit Poland for the 150th anniversary of the Marian apparitions in 2027.","🇵🇱🇻🇦 | Polish President Karol Nawrocki, accompanied by his wife and two children, met Pope Leo XIV at the Vatican on Friday. During the audience, Nawrocki presented the Pope with an image of Our Lady of Gietrzwald and extended an invitation to visit Poland for the 150th anniversary of the Marian apparitions in 2027.",,,,0,0,0,317,54,0.0,niski,17,1.0
148.0,vaticannewspl,Prezydent Nawrocki podarował Papieżowi obraz Matki Bożej Gietrzwałdzkiej,32,629,74,735,05-09-25,2025-09-05,2025.0,9.0,5.0,0.0,Prezydent Nawrocki podarował Papieżowi obraz Matki Bożej Gietrzwałdzkiej,Prezydent Nawrocki podarował Papieżowi obraz Matki Bożej Gietrzwałdzkiej,,,,0,0,0,72,8,8.5,wysoki,17,1.0
189.0,szefernaker,Zgodnie z obietnicą z kampanii Prezydent Karol Nawrocki po pierwszej wizycie zagranicznej w USA przyleciał do Rzymu. Po modlitwie przy grobie Jana Pawła II odbyło się spotkanie z premier G. Meloni. Jutro spotkanie z Papieżem Leonem XIV oraz prezydentem Włoch S. Mattarellą.,6,318,45,369,04-09-25,2025-09-04,2025.0,9.0,4.0,0.0,Zgodnie z obietnicą z kampanii Prezydent Karol Nawrocki po pierwszej wizycie zagranicznej w USA przyleciał do Rzymu. Po modlitwie przy grobie Jana Pawła II odbyło się spotkanie z premier G. Meloni. Jutro spotkanie z Papieżem Leonem XIV oraz prezydentem Włoch S. Mattarellą.,Zgodnie z obietnicą z kampanii Prezydent Karol Nawrocki po pierwszej wizycie zagranicznej w USA przyleciał do Rzymu. Po modlitwie przy grobie Jana Pawła II odbyło się spotkanie z premier G. Meloni. Jutro spotkanie z Papieżem Leonem XIV oraz prezydentem Włoch S. Mattarellą.,,,,0,0,0,273,42,7.07,wysoki,17,1.0
2.0,farmerkapl,"Prezydent Nawrocki odwiedził kultowe miejsce w Rzymie😎 Miejsce słynie z deseru ""Titamisu di mamma"", który Iga Świątek uznaje za najlepszy we Włoszech.",2,66,6,74,05-09-25,2025-09-05,2025.0,9.0,5.0,0.0,"Prezydent Nawrocki odwiedził kultowe miejsce w Rzymie😎 Miejsce słynie z deseru ""Titamisu di mamma"", który Iga Świątek uznaje za najlepszy we Włoszech.","Prezydent Nawrocki odwiedził kultowe miejsce w Rzymie😎 Miejsce słynie z deseru ""Titamisu di mamma"", który Iga Świątek uznaje za najlepszy we Włoszech.",,,,0,0,0,150,22,11.0,wysoki,17,1.0
146.0,sachinettiyil,Polish President Karol Nawrocki and family with Pope Leo XIV Image: Karol Nawrocki,5,102,17,124,05-09-25,2025-09-05,2025.0,9.0,5.0,0.0,Polish President Karol Nawrocki and family with Pope Leo XIV Image: Karol Nawrocki,Polish President Karol Nawrocki and family with Pope Leo XIV Image: Karol Nawrocki,,,,0,0,0,82,13,6.0,wysoki,17,1.0
17.0,malgoska____,Nawrocki załatwił: - wschodnia flanka NATO bez pomocy USA - Włochy za umową Mercosur - papież otwiera bramy Watykanu dla osób LGBT+ Ile to kosztowało?,3,129,51,183,06-09-25,2025-09-06,2025.0,9.0,6.0,0.0,Nawrocki załatwił: - wschodnia flanka NATO bez pomocy USA - Włochy za umową Mercosur - papież otwiera bramy Watykanu dla osób LGBT+ Ile to kosztowało?,Nawrocki załatwił: - wschodnia flanka NATO bez pomocy USA - Włochy za umową Mercosur - papież otwiera bramy Watykanu dla osób LGBT+ Ile to kosztowało?,,,,0,0,0,150,25,2.53,wysoki,17,1.0
12.0,vaticannewspl,Prezydent Nawrocki na audiencji u Papieża Leona ➡️ tiny.pl/3tbzwgny,26,548,137,711,05-09-25,2025-09-05,2025.0,9.0,5.0,0.0,Prezydent Nawrocki na audiencji u Papieża Leona ➡️,Prezydent Nawrocki na audiencji u Papieża Leona ➡️,,,tiny.pl/3tbzwgny,0,0,1,50,8,4.0,wysoki,17,1.0
15.0,dianemontagna,"JUST IN: Sławomir Cenckiewicz (second from left below), national security advisor to Polish President Karol Nawrocki, said yesterday that during their recent visit to the Vatican, he discussed “the subject of Catholic Tradition & the injustices of Traditionis Custodes.” Writing on Facebook, he said: “I offered filial homage to the Vicar of Christ. I was also introduced to Cardinal Parolin and several prelates in the papal circle. My visit to the papal apartments, the opportunity to spend time in several of the rooms where St. Pius X lived, worked, and resided, and admiring the paintings of the great masters, El Greco, Dürer, and Caravaggio, was a profound experience for me! Deo gratias! P.S. And if you think that during my two visits to the Vatican and my private conversations with the prelates the subject of Catholic Tradition and the injustices of Traditionis custodes was absent, you are mistaken…” Source: facebook.com/photo?fbid=4277…",1,11,0,12,07-09-25,2025-09-07,2025.0,9.0,7.0,0.0,"JUST IN: Sławomir Cenckiewicz (second from left below), national security advisor to Polish President Karol Nawrocki, said yesterday that during their recent visit to the Vatican, he discussed “the subject of Catholic Tradition & the injustices of Traditionis Custodes.” Writing on Facebook, he said: “I offered filial homage to the Vicar of Christ. I was also introduced to Cardinal Parolin and several prelates in the papal circle. My visit to the papal apartments, the opportunity to spend time in several of the rooms where St. Pius X lived, worked, and resided, and admiring the paintings of the great masters, El Greco, Dürer, and Caravaggio, was a profound experience for me! Deo gratias! P.S. And if you think that during my two visits to the Vatican and my private conversations with the prelates the subject of Catholic Tradition and the injustices of Traditionis custodes was absent, you are mistaken…” Source:","JUST IN: Sławomir Cenckiewicz (second from left below), national security advisor to Polish President Karol Nawrocki, said yesterday that during their recent visit to the Vatican, he discussed “the subject of Catholic Tradition & the injustices of Traditionis Custodes.” Writing on Facebook, he said: “I offered filial homage to the Vicar of Christ. I was also introduced to Cardinal Parolin and several prelates in the papal circle. My visit to the papal apartments, the opportunity to spend time in several of the rooms where St. Pius X lived, worked, and resided, and admiring the paintings of the great masters, El Greco, Dürer, and Caravaggio, was a profound experience for me! Deo gratias! P.S. And if you think that during my two visits to the Vatican and my private conversations with the prelates the subject of Catholic Tradition and the injustices of Traditionis custodes was absent, you are mistaken…” Source:",,,facebook.com/photo?fbid=4277…,0,0,1,921,149,11.0,średni,17,1.0
16.0,nawrocki25,Prezydent Karol Nawrocki modlił się wspólnie z gospodarzami i mieszkańcami polskiej wsi w czasie dożynek na Jasnej Górze. Dziękujemy za dar chleba oraz Waszą ciężką pracę! ❤️🇵🇱,4,191,59,254,07-09-25,2025-09-07,2025.0,9.0,7.0,0.0,Prezydent Karol Nawrocki modlił się wspólnie z gospodarzami i mieszkańcami polskiej wsi w czasie dożynek na Jasnej Górze. Dziękujemy za dar chleba oraz Waszą ciężką pracę! ❤️🇵🇱,Prezydent Karol Nawrocki modlił się wspólnie z gospodarzami i mieszkańcami polskiej wsi w czasie dożynek na Jasnej Górze. Dziękujemy za dar chleba oraz Waszą ciężką pracę! ❤️🇵🇱,,,,0,0,0,176,27,3.24,wysoki,17,1.0
26.0,arlingtonnatl,President of Poland Karol Nawrocki places a wreath at the Tomb of the Unknown Soldier @MDW_USARMY @US_Protocol,9,174,13,196,05-09-25,2025-09-05,2025.0,9.0,5.0,0.0,President of Poland Karol Nawrocki places a wreath at the Tomb of the Unknown Soldier,President of Poland Karol Nawrocki places a wreath at the Tomb of the Unknown Soldier,@MDW_USARMY|@US_Protocol,,,2,0,0,85,15,13.38,wysoki,17,1.0
107.0,kariona_grabi,"Kościołowi piskatolickiemu od dawna bliżej do Cerkwi Prawosławnej Patriarchatu Moskiewskiego. Aż dziw, że Duda i Nawrocki tak chętnie w Watykanie bywają.",0,1,0,1,08-09-25,2025-09-08,2025.0,9.0,8.0,0.0,"Kościołowi piskatolickiemu od dawna bliżej do Cerkwi Prawosławnej Patriarchatu Moskiewskiego. Aż dziw, że Duda i Nawrocki tak chętnie w Watykanie bywają.","Kościołowi piskatolickiemu od dawna bliżej do Cerkwi Prawosławnej Patriarchatu Moskiewskiego. Aż dziw, że Duda i Nawrocki tak chętnie w Watykanie bywają.",,,,0,0,0,153,21,1.0,średni,17,1.0
8.0,lepantoinst,"The president of Poland, Karol Nawrocki, met with Pope Leo today in a private audience. His National Security Advisor was also in the meetings, indicating that they discussed “the injustice of Traditionis Custodes.”",1,40,8,49,07-09-25,2025-09-07,2025.0,9.0,7.0,0.0,"The president of Poland, Karol Nawrocki, met with Pope Leo today in a private audience. His National Security Advisor was also in the meetings, indicating that they discussed “the injustice of Traditionis Custodes.”","The president of Poland, Karol Nawrocki, met with Pope Leo today in a private audience. His National Security Advisor was also in the meetings, indicating that they discussed “the injustice of Traditionis Custodes.”",,,,0,0,0,215,33,5.0,wysoki,17,1.0
143.0,sachinettiyil,Polish President Karol Nawrocki prays before an icon of the Virgin Mary Image: Karol Nawrocki,1,46,7,54,08-09-25,2025-09-08,2025.0,9.0,8.0,0.0,Polish President Karol Nawrocki prays before an icon of the Virgin Mary Image: Karol Nawrocki,Polish President Karol Nawrocki prays before an icon of the Virgin Mary Image: Karol Nawrocki,,,,0,0,0,93,15,6.57,wysoki,17,1.0
33.0,farmerkapl,"Prezydent Polski Karol Nawrocki składa wieniec na Grobie Nieznanego Żołnierza w Narodowym Cmentarzu Arlington podczas ceremonii pełnych honorów wojskowych, której gospodarzem jest Dyrektor Sztabu Armii, gen. dyw. Marcus Evans. 🇵🇱🇺🇸",9,499,15,523,07-09-25,2025-09-07,2025.0,9.0,7.0,0.0,"Prezydent Polski Karol Nawrocki składa wieniec na Grobie Nieznanego Żołnierza w Narodowym Cmentarzu Arlington podczas ceremonii pełnych honorów wojskowych, której gospodarzem jest Dyrektor Sztabu Armii, gen. dyw. Marcus Evans. 🇵🇱🇺🇸","Prezydent Polski Karol Nawrocki składa wieniec na Grobie Nieznanego Żołnierza w Narodowym Cmentarzu Arlington podczas ceremonii pełnych honorów wojskowych, której gospodarzem jest Dyrektor Sztabu Armii, gen. dyw. Marcus Evans. 🇵🇱🇺🇸",,,,0,0,0,231,30,33.27,wysoki,17,1.0
22.0,hubnerrmax,Prezydent Karol Nawrocki pojawił się w bazie lotniczej w Krzesinach pod Poznaniem. 🫡,0,6,0,6,11-09-25,2025-09-11,2025.0,9.0,11.0,0.0,Prezydent Karol Nawrocki pojawił się w bazie lotniczej w Krzesinach pod Poznaniem. 🫡,Prezydent Karol Nawrocki pojawił się w bazie lotniczej w Krzesinach pod Poznaniem. 🫡,,,,0,0,0,84,13,6.0,średni,17,1.0
2.0,annadust107,"Ludzie ! K.Nawrocki ponownie zawita w USA ! 🇵🇱🤝🇺🇸 Już w niedzielę wraz z małżonką rozpocznie tam oficjalną wizytę. Odwiedzi Sanktuarium Matki Bożej Częstochowskiej w Doylestown,weźmie udział w 80. Sesji Zgrom.Ogólnego ONZ i w odsłonięciu tablicy upamiętniającej J. Olszewskiego.",0,0,0,0,20-09-25,2025-09-20,2025.0,9.0,20.0,0.0,"Ludzie ! K.Nawrocki ponownie zawita w USA ! 🇵🇱🤝🇺🇸 Już w niedzielę wraz z małżonką rozpocznie tam oficjalną wizytę. Odwiedzi Sanktuarium Matki Bożej Częstochowskiej w Doylestown,weźmie udział w 80. Sesji Zgrom.Ogólnego ONZ i w odsłonięciu tablicy upamiętniającej J. Olszewskiego.","Ludzie ! K.Nawrocki ponownie zawita w USA ! 🇵🇱🤝🇺🇸 Już w niedzielę wraz z małżonką rozpocznie tam oficjalną wizytę. Odwiedzi Sanktuarium Matki Bożej Częstochowskiej w Doylestown,weźmie udział w 80. Sesji Zgrom.Ogólnego ONZ i w odsłonięciu tablicy upamiętniającej J. Olszewskiego.",,,,0,0,0,278,39,0.0,niski,17,1.0
25.0,wojpawelczyk,"NEW: Polish President Karol Nawrocki is visiting American Czestochowa, a Polish-American Catholic shrine near Doylestown, Pennsylvania. Today Nawrocki will attend Holy Mass and meet with the Polish community in Doylestown 🇵🇱🇺🇸",0,5,1,6,21-09-25,2025-09-21,2025.0,9.0,21.0,0.0,"NEW: Polish President Karol Nawrocki is visiting American Czestochowa, a Polish-American Catholic shrine near Doylestown, Pennsylvania. Today Nawrocki will attend Holy Mass and meet with the Polish community in Doylestown 🇵🇱🇺🇸","NEW: Polish President Karol Nawrocki is visiting American Czestochowa, a Polish-American Catholic shrine near Doylestown, Pennsylvania. Today Nawrocki will attend Holy Mass and meet with the Polish community in Doylestown 🇵🇱🇺🇸",,,,0,0,0,226,31,5.0,średni,17,1.0
5.0,boobooboob83433,"Prezydent Karol Nawrocki wraz małżonką Martą w niedzielę uczestniczą w uroczystościach w Narodowym Sanktuarium Matki Bożej Częstochowskiej w Doylestown, w stanie Pensylwania. To pierwszy punkt wizyty pary prezydenckiej w USA.",0,0,0,0,21-09-25,2025-09-21,2025.0,9.0,21.0,0.0,"Prezydent Karol Nawrocki wraz małżonką Martą w niedzielę uczestniczą w uroczystościach w Narodowym Sanktuarium Matki Bożej Częstochowskiej w Doylestown, w stanie Pensylwania. To pierwszy punkt wizyty pary prezydenckiej w USA.","Prezydent Karol Nawrocki wraz małżonką Martą w niedzielę uczestniczą w uroczystościach w Narodowym Sanktuarium Matki Bożej Częstochowskiej w Doylestown, w stanie Pensylwania. To pierwszy punkt wizyty pary prezydenckiej w USA.",,,,0,0,0,225,30,0.0,niski,17,1.0
2.0,ipngovpl,"✝ 🇵🇱 W Doylestown, znanym jako Amerykańska Częstochowa, upamiętniliśmy premiera Jana Olszewskiego. Poświęcona mu tablica zawisła w sanktuarium. W uroczystościach wziął udział @prezydentpl RP Karol Nawrocki, a Instytut Pamięci Narodowej reprezentował zastępca prezesa, dr hab. Karol Polejowski.",0,31,7,38,21-09-25,2025-09-21,2025.0,9.0,21.0,0.0,"✝ 🇵🇱 W Doylestown, znanym jako Amerykańska Częstochowa, upamiętniliśmy premiera Jana Olszewskiego. Poświęcona mu tablica zawisła w sanktuarium. W uroczystościach wziął udział RP Karol Nawrocki, a Instytut Pamięci Narodowej reprezentował zastępca prezesa, dr hab. Karol Polejowski.","✝ 🇵🇱 W Doylestown, znanym jako Amerykańska Częstochowa, upamiętniliśmy premiera Jana Olszewskiego. Poświęcona mu tablica zawisła w sanktuarium. W uroczystościach wziął udział RP Karol Nawrocki, a Instytut Pamięci Narodowej reprezentował zastępca prezesa, dr hab. Karol Polejowski.",@prezydentpl,,,1,0,0,280,36,4.43,wysoki,17,1.0
31.0,karolpopieramy,"💥 Prezydent Karol Nawrocki i Tomasz Adamek wraz z małżonkami w ""amerykańskiej Częstochowie"" (Doylestown, Pensylwania).🇵🇱🙌🇺🇸",1,132,69,202,22-09-25,2025-09-22,2025.0,9.0,22.0,0.0,"💥 Prezydent Karol Nawrocki i Tomasz Adamek wraz z małżonkami w ""amerykańskiej Częstochowie"" (Doylestown, Pensylwania).🇵🇱🙌🇺🇸","💥 Prezydent Karol Nawrocki i Tomasz Adamek wraz z małżonkami w ""amerykańskiej Częstochowie"" (Doylestown, Pensylwania).🇵🇱🙌🇺🇸",,,,0,0,0,123,15,1.91,wysoki,17,1.0
168.0,bitesoftime,"W niedzielę Prezydent Karol Nawrocki złoży wizytę przy grobie bł. Jerzego Popiełuszki na Żoliborzu, w 41. rocznicę jego śmierci. Zwiedzić również Ośrodek Dokumentacji Życia i Kultu Błogosławionego Jerzego Popiełuszki, dawne mieszkanie ks. Jerzego oraz Kaplicę Relikwii.",0,0,0,0,17-10-25,2025-10-17,2025.0,10.0,17.0,0.0,"W niedzielę Prezydent Karol Nawrocki złoży wizytę przy grobie bł. Jerzego Popiełuszki na Żoliborzu, w 41. rocznicę jego śmierci. Zwiedzić również Ośrodek Dokumentacji Życia i Kultu Błogosławionego Jerzego Popiełuszki, dawne mieszkanie ks. Jerzego oraz Kaplicę Relikwii.","W niedzielę Prezydent Karol Nawrocki złoży wizytę przy grobie bł. Jerzego Popiełuszki na Żoliborzu, w 41. rocznicę jego śmierci. Zwiedzić również Ośrodek Dokumentacji Życia i Kultu Błogosławionego Jerzego Popiełuszki, dawne mieszkanie ks. Jerzego oraz Kaplicę Relikwii.",,,,0,0,0,269,36,0.0,niski,17,1.0
227.0,bitesoftime,"W niedzielę Prezydent Karol Nawrocki złoży wizytę przy grobie bł. Jerzego Popiełuszki na Żoliborzu, w 41. rocznicę jego śmierci. Zwiedzi również Ośrodek Dokumentacji Życia i Kultu Błogosławionego Jerzego Popiełuszki, dawne mieszkanie ks. Jerzego oraz Kaplicę Relikwii.",0,0,0,0,17-10-25,2025-10-17,2025.0,10.0,17.0,0.0,"W niedzielę Prezydent Karol Nawrocki złoży wizytę przy grobie bł. Jerzego Popiełuszki na Żoliborzu, w 41. rocznicę jego śmierci. Zwiedzi również Ośrodek Dokumentacji Życia i Kultu Błogosławionego Jerzego Popiełuszki, dawne mieszkanie ks. Jerzego oraz Kaplicę Relikwii.","W niedzielę Prezydent Karol Nawrocki złoży wizytę przy grobie bł. Jerzego Popiełuszki na Żoliborzu, w 41. rocznicę jego śmierci. Zwiedzi również Ośrodek Dokumentacji Życia i Kultu Błogosławionego Jerzego Popiełuszki, dawne mieszkanie ks. Jerzego oraz Kaplicę Relikwii.",,,,0,0,0,268,36,0.0,niski,17,1.0
7.0,michalstela,"W 41. rocznicę męczeńskiej śmierci bł. ks. Jerzego Popiełuszki wspominamy kapłana, który nigdy nie bał się wspierać robotników i prześladowanych przez władze PRL . Dziś @prezydentpl PL Karol Nawrocki oddał mu hołd, składając kwiaty i spotykając się z rodziną ks. Jerzego. 🇵🇱 #Popiełuszko #Pamiętamy #Solidarność #Wolność #Wiara @NawrockiKn @Cenckiewicz @Solidarnosc_ @PolsatNewsPL @WarNewsPL1 @Andruszkiewicz1",0,2,0,2,19-10-25,2025-10-19,2025.0,10.0,19.0,0.0,"W 41. rocznicę męczeńskiej śmierci bł. ks. Jerzego Popiełuszki wspominamy kapłana, który nigdy nie bał się wspierać robotników i prześladowanych przez władze PRL . Dziś PL Karol Nawrocki oddał mu hołd, składając kwiaty i spotykając się z rodziną ks. Jerzego. 🇵🇱 Popiełuszko Pamiętamy Solidarność Wolność Wiara","W 41. rocznicę męczeńskiej śmierci bł. ks. Jerzego Popiełuszki wspominamy kapłana, który nigdy nie bał się wspierać robotników i prześladowanych przez władze PRL . Dziś PL Karol Nawrocki oddał mu hołd, składając kwiaty i spotykając się z rodziną ks. Jerzego. 🇵🇱",@prezydentpl|@NawrockiKn|@Cenckiewicz|@Solidarnosc_|@PolsatNewsPL|@WarNewsPL1|@Andruszkiewicz1,#Popiełuszko|#Pamiętamy|#Solidarność|#Wolność|#Wiara,,7,5,0,309,46,2.0,średni,17,1.0
24.0,bambopolak,Prezydent Karol Nawrocki złożył wieniec na grobie bł. ks. Jerzego Popiełuszki. tysol.pl/a148063-prezydent-k…,0,2,0,2,19-10-25,2025-10-19,2025.0,10.0,19.0,0.0,Prezydent Karol Nawrocki złożył wieniec na grobie bł. ks. Jerzego Popiełuszki.,Prezydent Karol Nawrocki złożył wieniec na grobie bł. ks. Jerzego Popiełuszki.,,,tysol.pl/a148063-prezydent-k…,0,0,1,78,11,2.0,średni,17,1.0
10.0,edomarcin,"W 41 rocznicę męczeńskiej śmierci ks. Jerzego Popiełuszki prezydent 🇵🇱 RP Karol Nawrocki wziął udział w uroczystościach upamiętniających bohaterskiego kapłana. Złożył kwiaty na grobie błogosławionego. Dlaczego premier Tusk się nie pokłonił nad Jego grobem? Bo wolał pokłonić się nad losem tych, którzy bestialsko, z wyjątkowym okrucieństwem zamordowali kapłana Solidarności, jak i wszystkich pozostałych funkcjonariuszy SB.",0,12,0,12,19-10-25,2025-10-19,2025.0,10.0,19.0,0.0,"W 41 rocznicę męczeńskiej śmierci ks. Jerzego Popiełuszki prezydent 🇵🇱 RP Karol Nawrocki wziął udział w uroczystościach upamiętniających bohaterskiego kapłana. Złożył kwiaty na grobie błogosławionego. Dlaczego premier Tusk się nie pokłonił nad Jego grobem? Bo wolał pokłonić się nad losem tych, którzy bestialsko, z wyjątkowym okrucieństwem zamordowali kapłana Solidarności, jak i wszystkich pozostałych funkcjonariuszy SB.","W 41 rocznicę męczeńskiej śmierci ks. Jerzego Popiełuszki prezydent 🇵🇱 RP Karol Nawrocki wziął udział w uroczystościach upamiętniających bohaterskiego kapłana. Złożył kwiaty na grobie błogosławionego. Dlaczego premier Tusk się nie pokłonił nad Jego grobem? Bo wolał pokłonić się nad losem tych, którzy bestialsko, z wyjątkowym okrucieństwem zamordowali kapłana Solidarności, jak i wszystkich pozostałych funkcjonariuszy SB.",,,,0,0,0,423,55,12.0,średni,17,1.0
938.0,bartekfilozof,Prezydent elekt Karol Nawrocki był przed pomnikiem Rzezi Wołyńskiej w Domostawie.,0,0,0,0,"Jun 2, 2025 · 7:30 PM UTC",,,,,,Prezydent elekt Karol Nawrocki był przed pomnikiem Rzezi Wołyńskiej w Domostawie.,Prezydent elekt Karol Nawrocki był przed pomnikiem Rzezi Wołyńskiej w Domostawie.,,,,0,0,0,81,11,0.0,niski,17,1.0
136.0,gregparis75017,"W kampanii wyborczej pan Nawrocki zapowiedział że jeśli zostanie Prezydentem to jego pierwszą podróżą będzie Watykan! Czy Papież już wie że kibol i alfons który krzyczał ze swoimi ziomkami na Jasnej Górze ""Raz sierpem Raz młotem Czerwoną hołotę"" wybiera się do niego w odwiedziny",4,51,32,87,"Jun 2, 2025 · 10:08 PM UTC",,,,,,"W kampanii wyborczej pan Nawrocki zapowiedział że jeśli zostanie Prezydentem to jego pierwszą podróżą będzie Watykan! Czy Papież już wie że kibol i alfons który krzyczał ze swoimi ziomkami na Jasnej Górze ""Raz sierpem Raz młotem Czerwoną hołotę"" wybiera się do niego w odwiedziny","W kampanii wyborczej pan Nawrocki zapowiedział że jeśli zostanie Prezydentem to jego pierwszą podróżą będzie Watykan! Czy Papież już wie że kibol i alfons który krzyczał ze swoimi ziomkami na Jasnej Górze ""Raz sierpem Raz młotem Czerwoną hołotę"" wybiera się do niego w odwiedziny",,,,0,0,0,279,44,1.59,wysoki,17,1.0
16.0,sachinettiyil,"Poland’s newly elected President Karol Nawrocki, a Catholic, attends this year’s Good Friday services Video: Karol Nawrocki",13,860,61,934,"Jun 2, 2025 · 1:52 AM UTC",,,,,,"Poland’s newly elected President Karol Nawrocki, a Catholic, attends this year’s Good Friday services Video: Karol Nawrocki","Poland’s newly elected President Karol Nawrocki, a Catholic, attends this year’s Good Friday services Video: Karol Nawrocki",,,,0,0,0,123,17,14.1,wysoki,17,1.0
7.0,zuchpl,"Ze świata równoległego: Prezydent RP Rafał Trzaskowski spotkał się z POTUS Kamalą Harris, której wręczył portret konny Lecha Wałęsy, namalowany przez dzieci z Michałowa. Prezydent Harris wyraziła wdzięczność i zapewniła, że kocha tulipany z Holandii.",0,13,3,16,03-09-25,2025-09-03,2025.0,9.0,3.0,0.0,"Ze świata równoległego: Prezydent RP Rafał Trzaskowski spotkał się z POTUS Kamalą Harris, której wręczył portret konny Lecha Wałęsy, namalowany przez dzieci z Michałowa. Prezydent Harris wyraziła wdzięczność i zapewniła, że kocha tulipany z Holandii.","Ze świata równoległego: Prezydent RP Rafał Trzaskowski spotkał się z POTUS Kamalą Harris, której wręczył portret konny Lecha Wałęsy, namalowany przez dzieci z Michałowa. Prezydent Harris wyraziła wdzięczność i zapewniła, że kocha tulipany z Holandii.",,,,0,0,0,250,35,4.33,wysoki,17,1.0
395.0,awodeham,"Cieszmy się, że mamy Prezydenta Karola Nawrockiego. Prezydent Rafał Trzaskowski składałby pewnie kwiaty pod pomnikiem Armii Ludowej.",0,3,4,7,"Jun 4, 2025 · 5:17 AM UTC",,,,,,"Cieszmy się, że mamy Prezydenta Karola Nawrockiego. Prezydent Rafał Trzaskowski składałby pewnie kwiaty pod pomnikiem Armii Ludowej.","Cieszmy się, że mamy Prezydenta Karola Nawrockiego. Prezydent Rafał Trzaskowski składałby pewnie kwiaty pod pomnikiem Armii Ludowej.",,,,0,0,0,132,17,0.75,wysoki,17,1.0
6.0,zofia25771236,"PREZYDENT 🇵🇱 @NawrockiKn poinformował, że wręczył Papieżowi obraz Matki Bożej Gietrzwałdzkiej „sygnalizując, że rok 2027 byłby doskonałym rokiem do odwiedzin Papieża”. DOSKONAŁA data. W 2027 r. będą obchody 150. rocznicy objawień w Gietrzwałdzie. Będą wybory. #NaszaPolska",0,0,0,0,05-09-25,2025-09-05,2025.0,9.0,5.0,0.0,"PREZYDENT 🇵🇱 poinformował, że wręczył Papieżowi obraz Matki Bożej Gietrzwałdzkiej „sygnalizując, że rok 2027 byłby doskonałym rokiem do odwiedzin Papieża”. DOSKONAŁA data. W 2027 r. będą obchody 150. rocznicy objawień w Gietrzwałdzie. Będą wybory. NaszaPolska","PREZYDENT 🇵🇱 poinformował, że wręczył Papieżowi obraz Matki Bożej Gietrzwałdzkiej „sygnalizując, że rok 2027 byłby doskonałym rokiem do odwiedzin Papieża”. DOSKONAŁA data. W 2027 r. będą obchody 150. rocznicy objawień w Gietrzwałdzie. Będą wybory.",@NawrockiKn,#NaszaPolska,,1,1,0,259,35,0.0,niski,17,1.0
